question,ground_truth_id,ground_truth_name,LLM_only_picked,Agentic_BTE_picked,LLM_only_correct,Agentic_BTE_correct,LLM_only_output,Agentic_BTE_output,LLM_only_answers_extracted,Agentic_BTE_answers_extracted
"Which drugs can treat Respiratory Tract Infections by targeting peptidoglycan-based cell wall biogenesis? Enumerate 5 drugs and do not include anything else in your response. Each of your answer entities MUST be tagged with ** at the start AND end of the phrase (**....**), otherwise it will not be assessed",MESH:D002433,Cefaclor,CHEBI:17334,PUBCHEM.COMPOUND:23667621,False,False,"**Penicillin**
**Amoxicillin**
**Cephalexin**
**Vancomycin**
**Ceftriaxone**",**dexamethasone sodium phosphate**,"Penicillin, Amoxicillin, Cephalexin, Vancomycin, Ceftriaxone",dexamethasone sodium phosphate
"Which drugs can treat Follicular non-Hodgkin's lymphoma by targeting B cell proliferation? Enumerate 5 drugs and do not include anything else in your response. Each of your answer entities MUST be tagged with ** at the start AND end of the phrase (**....**), otherwise it will not be assessed",MESH:C552946,Idelalisib,CHEBI:82701,CHEBI:135515,True,False,"**Rituximab**
**Obinutuzumab**
**Ibrutinib**
**Idelalisib**
**Copanlisib**","**Bendamustine**
**Chlorambucil**
**vincristine**","Rituximab, Obinutuzumab, Ibrutinib, Idelalisib, Copanlisib","Bendamustine, Chlorambucil, vincristine"
"Which drugs can treat Endometritis by targeting peptidoglycan biosynthetic process? Enumerate 5 drugs and do not include anything else in your response. Each of your answer entities MUST be tagged with ** at the start AND end of the phrase (**....**), otherwise it will not be assessed",MESH:D015313,cefotetan,CHEBI:17334,,False,False,"**Penicillin**
**Amoxicillin**
**Ampicillin**
**Cephalexin**
**Vancomycin**",,"Penicillin, Amoxicillin, Ampicillin, Cephalexin, Vancomycin",
"Which drugs can treat Pharyngitis by targeting fungal-type cell wall? Enumerate 5 drugs and do not include anything else in your response. Each of your answer entities MUST be tagged with ** at the start AND end of the phrase (**....**), otherwise it will not be assessed",MESH:D000666,amphotericin B,CHEBI:3764,,False,False,"**Clotrimazole**
**Nystatin**
**Fluconazole**
**Itraconazole**
**Ketoconazole**",,"Clotrimazole, Nystatin, Fluconazole, Itraconazole, Ketoconazole",
"Which drugs can treat Acute lymphoblastic leukemia by targeting cell population proliferation? Enumerate 5 drugs and do not include anything else in your response. Each of your answer entities MUST be tagged with ** at the start AND end of the phrase (**....**), otherwise it will not be assessed",MESH:C042705,pegaspargase,CHEBI:45783,CHEBI:52172,False,False,"**Imatinib**
**Dasatinib**
**Nilotinib**
**Ponatinib**
**Bosutinib**","**Nilotinib**
**Idarubicin hydrochloride**
**asparaginase**","Imatinib, Dasatinib, Nilotinib, Ponatinib, Bosutinib","Nilotinib, Idarubicin hydrochloride, asparaginase"
